{
  "INT_DB": -24.188528060913086,
  "DUR_PSE": 0.2594075260208166,
  "RATE_SP": 1.222991618451574,
  "F0": 124.88792076240242,
  "INT_VAR": 19.275854110717773,
  "END_CAD": -0.08896799575865155
}